STATION,NAME,LATITUDE,LONGITUDE,ELEVATION,DATE,TMAX,TMIN
USW00094846,"CHICAGO OHARE INTERNATIONAL AIRPORT, IL US",41.96017,-87.93164,204.8,01/01/2022,38,24
USW00094846,"CHICAGO OHARE INTERNATIONAL AIRPORT, IL US",41.96017,-87.93164,204.8,02/01/2022,28,13
USW00094846,"CHICAGO OHARE INTERNATIONAL AIRPORT, IL US",41.96017,-87.93164,204.8,03/01/2022,22,9
USW00094846,"CHICAGO OHARE INTERNATIONAL AIRPORT, IL US",41.96017,-87.93164,204.8,04/01/2022,35,22
USW00094846,"CHICAGO OHARE INTERNATIONAL AIRPORT, IL US",41.96017,-87.93164,204.8,05/01/2022,34,12
USW00094846,"CHICAGO OHARE INTERNATIONAL AIRPORT, IL US",41.96017,-87.93164,204.8,06/01/2022,15,4
USW00094846,"CHICAGO OHARE INTERNATIONAL AIRPORT, IL US",41.96017,-87.93164,204.8,07/01/2022,15,-1
USW00094846,"CHICAGO OHARE INTERNATIONAL AIRPORT, IL US",41.96017,-87.93164,204.8,08/01/2022,34,13
USW00094846,"CHICAGO OHARE INTERNATIONAL AIRPORT, IL US",41.96017,-87.93164,204.8,09/01/2022,34,9
USW00094846,"CHICAGO OHARE INTERNATIONAL AIRPORT, IL US",41.96017,-87.93164,204.8,10/01/2022,16,5
USW00094846,"CHICAGO OHARE INTERNATIONAL AIRPORT, IL US",41.96017,-87.93164,204.8,11/01/2022,36,4
USW00094846,"CHICAGO OHARE INTERNATIONAL AIRPORT, IL US",41.96017,-87.93164,204.8,12/01/2022,41,31
USW00094846,"CHICAGO OHARE INTERNATIONAL AIRPORT, IL US",41.96017,-87.93164,204.8,13/01/2022,40,29
USW00094846,"CHICAGO OHARE INTERNATIONAL AIRPORT, IL US",41.96017,-87.93164,204.8,14/01/2022,36,26
USW00094846,"CHICAGO OHARE INTERNATIONAL AIRPORT, IL US",41.96017,-87.93164,204.8,15/01/2022,26,16
USW00094846,"CHICAGO OHARE INTERNATIONAL AIRPORT, IL US",41.96017,-87.93164,204.8,16/01/2022,29,12
USW00094846,"CHICAGO OHARE INTERNATIONAL AIRPORT, IL US",41.96017,-87.93164,204.8,17/01/2022,28,22
USW00094846,"CHICAGO OHARE INTERNATIONAL AIRPORT, IL US",41.96017,-87.93164,204.8,18/01/2022,44,20
USW00094846,"CHICAGO OHARE INTERNATIONAL AIRPORT, IL US",41.96017,-87.93164,204.8,19/01/2022,40,10
USW00094846,"CHICAGO OHARE INTERNATIONAL AIRPORT, IL US",41.96017,-87.93164,204.8,20/01/2022,19,6
USW00094846,"CHICAGO OHARE INTERNATIONAL AIRPORT, IL US",41.96017,-87.93164,204.8,21/01/2022,25,6
USW00094846,"CHICAGO OHARE INTERNATIONAL AIRPORT, IL US",41.96017,-87.93164,204.8,22/01/2022,33,19
USW00094846,"CHICAGO OHARE INTERNATIONAL AIRPORT, IL US",41.96017,-87.93164,204.8,23/01/2022,21,7
USW00094846,"CHICAGO OHARE INTERNATIONAL AIRPORT, IL US",41.96017,-87.93164,204.8,24/01/2022,26,10
USW00094846,"CHICAGO OHARE INTERNATIONAL AIRPORT, IL US",41.96017,-87.93164,204.8,25/01/2022,12,0
USW00094846,"CHICAGO OHARE INTERNATIONAL AIRPORT, IL US",41.96017,-87.93164,204.8,26/01/2022,15,-6
USW00094846,"CHICAGO OHARE INTERNATIONAL AIRPORT, IL US",41.96017,-87.93164,204.8,27/01/2022,32,14
USW00094846,"CHICAGO OHARE INTERNATIONAL AIRPORT, IL US",41.96017,-87.93164,204.8,28/01/2022,26,11
USW00094846,"CHICAGO OHARE INTERNATIONAL AIRPORT, IL US",41.96017,-87.93164,204.8,29/01/2022,22,7
USW00094846,"CHICAGO OHARE INTERNATIONAL AIRPORT, IL US",41.96017,-87.93164,204.8,30/01/2022,31,11
USW00094846,"CHICAGO OHARE INTERNATIONAL AIRPORT, IL US",41.96017,-87.93164,204.8,31/01/2022,33,25
USW00094846,"CHICAGO OHARE INTERNATIONAL AIRPORT, IL US",41.96017,-87.93164,204.8,01/02/2022,46,32
USW00094846,"CHICAGO OHARE INTERNATIONAL AIRPORT, IL US",41.96017,-87.93164,204.8,02/02/2022,33,16
USW00094846,"CHICAGO OHARE INTERNATIONAL AIRPORT, IL US",41.96017,-87.93164,204.8,03/02/2022,24,16
USW00094846,"CHICAGO OHARE INTERNATIONAL AIRPORT, IL US",41.96017,-87.93164,204.8,04/02/2022,24,10
USW00094846,"CHICAGO OHARE INTERNATIONAL AIRPORT, IL US",41.96017,-87.93164,204.8,05/02/2022,20,4
USW00094846,"CHICAGO OHARE INTERNATIONAL AIRPORT, IL US",41.96017,-87.93164,204.8,06/02/2022,33,18
USW00094846,"CHICAGO OHARE INTERNATIONAL AIRPORT, IL US",41.96017,-87.93164,204.8,07/02/2022,31,18
USW00094846,"CHICAGO OHARE INTERNATIONAL AIRPORT, IL US",41.96017,-87.93164,204.8,08/02/2022,38,19
USW00094846,"CHICAGO OHARE INTERNATIONAL AIRPORT, IL US",41.96017,-87.93164,204.8,09/02/2022,41,32
USW00094846,"CHICAGO OHARE INTERNATIONAL AIRPORT, IL US",41.96017,-87.93164,204.8,10/02/2022,35,27
USW00094846,"CHICAGO OHARE INTERNATIONAL AIRPORT, IL US",41.96017,-87.93164,204.8,11/02/2022,44,28
USW00094846,"CHICAGO OHARE INTERNATIONAL AIRPORT, IL US",41.96017,-87.93164,204.8,12/02/2022,28,13
USW00094846,"CHICAGO OHARE INTERNATIONAL AIRPORT, IL US",41.96017,-87.93164,204.8,13/02/2022,20,12
USW00094846,"CHICAGO OHARE INTERNATIONAL AIRPORT, IL US",41.96017,-87.93164,204.8,14/02/2022,26,14
USW00094846,"CHICAGO OHARE INTERNATIONAL AIRPORT, IL US",41.96017,-87.93164,204.8,15/02/2022,45,22
USW00094846,"CHICAGO OHARE INTERNATIONAL AIRPORT, IL US",41.96017,-87.93164,204.8,16/02/2022,55,41
USW00094846,"CHICAGO OHARE INTERNATIONAL AIRPORT, IL US",41.96017,-87.93164,204.8,17/02/2022,41,16
USW00094846,"CHICAGO OHARE INTERNATIONAL AIRPORT, IL US",41.96017,-87.93164,204.8,18/02/2022,31,7
USW00094846,"CHICAGO OHARE INTERNATIONAL AIRPORT, IL US",41.96017,-87.93164,204.8,19/02/2022,25,9
USW00094846,"CHICAGO OHARE INTERNATIONAL AIRPORT, IL US",41.96017,-87.93164,204.8,20/02/2022,47,17
USW00094846,"CHICAGO OHARE INTERNATIONAL AIRPORT, IL US",41.96017,-87.93164,204.8,21/02/2022,48,32
USW00094846,"CHICAGO OHARE INTERNATIONAL AIRPORT, IL US",41.96017,-87.93164,204.8,22/02/2022,44,23
USW00094846,"CHICAGO OHARE INTERNATIONAL AIRPORT, IL US",41.96017,-87.93164,204.8,23/02/2022,23,15
USW00094846,"CHICAGO OHARE INTERNATIONAL AIRPORT, IL US",41.96017,-87.93164,204.8,24/02/2022,27,21
USW00094846,"CHICAGO OHARE INTERNATIONAL AIRPORT, IL US",41.96017,-87.93164,204.8,25/02/2022,31,18
USW00094846,"CHICAGO OHARE INTERNATIONAL AIRPORT, IL US",41.96017,-87.93164,204.8,26/02/2022,31,13
USW00094846,"CHICAGO OHARE INTERNATIONAL AIRPORT, IL US",41.96017,-87.93164,204.8,27/02/2022,43,26
USW00094846,"CHICAGO OHARE INTERNATIONAL AIRPORT, IL US",41.96017,-87.93164,204.8,28/02/2022,53,27
USW00094846,"CHICAGO OHARE INTERNATIONAL AIRPORT, IL US",41.96017,-87.93164,204.8,01/03/2022,54,36
USW00094846,"CHICAGO OHARE INTERNATIONAL AIRPORT, IL US",41.96017,-87.93164,204.8,02/03/2022,58,33
USW00094846,"CHICAGO OHARE INTERNATIONAL AIRPORT, IL US",41.96017,-87.93164,204.8,03/03/2022,36,28
USW00094846,"CHICAGO OHARE INTERNATIONAL AIRPORT, IL US",41.96017,-87.93164,204.8,04/03/2022,41,28
USW00094846,"CHICAGO OHARE INTERNATIONAL AIRPORT, IL US",41.96017,-87.93164,204.8,05/03/2022,69,39
USW00094846,"CHICAGO OHARE INTERNATIONAL AIRPORT, IL US",41.96017,-87.93164,204.8,06/03/2022,59,35
USW00094846,"CHICAGO OHARE INTERNATIONAL AIRPORT, IL US",41.96017,-87.93164,204.8,07/03/2022,36,30
USW00094846,"CHICAGO OHARE INTERNATIONAL AIRPORT, IL US",41.96017,-87.93164,204.8,08/03/2022,39,27
USW00094846,"CHICAGO OHARE INTERNATIONAL AIRPORT, IL US",41.96017,-87.93164,204.8,09/03/2022,41,27
USW00094846,"CHICAGO OHARE INTERNATIONAL AIRPORT, IL US",41.96017,-87.93164,204.8,10/03/2022,31,22
USW00094846,"CHICAGO OHARE INTERNATIONAL AIRPORT, IL US",41.96017,-87.93164,204.8,11/03/2022,31,16
USW00094846,"CHICAGO OHARE INTERNATIONAL AIRPORT, IL US",41.96017,-87.93164,204.8,12/03/2022,23,11
USW00094846,"CHICAGO OHARE INTERNATIONAL AIRPORT, IL US",41.96017,-87.93164,204.8,13/03/2022,51,21
USW00094846,"CHICAGO OHARE INTERNATIONAL AIRPORT, IL US",41.96017,-87.93164,204.8,14/03/2022,63,37
USW00094846,"CHICAGO OHARE INTERNATIONAL AIRPORT, IL US",41.96017,-87.93164,204.8,15/03/2022,54,36
USW00094846,"CHICAGO OHARE INTERNATIONAL AIRPORT, IL US",41.96017,-87.93164,204.8,16/03/2022,70,36
USW00094846,"CHICAGO OHARE INTERNATIONAL AIRPORT, IL US",41.96017,-87.93164,204.8,17/03/2022,73,47
USW00094846,"CHICAGO OHARE INTERNATIONAL AIRPORT, IL US",41.96017,-87.93164,204.8,18/03/2022,47,40
USW00094846,"CHICAGO OHARE INTERNATIONAL AIRPORT, IL US",41.96017,-87.93164,204.8,19/03/2022,43,37
USW00094846,"CHICAGO OHARE INTERNATIONAL AIRPORT, IL US",41.96017,-87.93164,204.8,20/03/2022,63,34
USW00094846,"CHICAGO OHARE INTERNATIONAL AIRPORT, IL US",41.96017,-87.93164,204.8,21/03/2022,74,42
USW00094846,"CHICAGO OHARE INTERNATIONAL AIRPORT, IL US",41.96017,-87.93164,204.8,22/03/2022,56,45
USW00094846,"CHICAGO OHARE INTERNATIONAL AIRPORT, IL US",41.96017,-87.93164,204.8,23/03/2022,58,46
USW00094846,"CHICAGO OHARE INTERNATIONAL AIRPORT, IL US",41.96017,-87.93164,204.8,24/03/2022,46,39
USW00094846,"CHICAGO OHARE INTERNATIONAL AIRPORT, IL US",41.96017,-87.93164,204.8,25/03/2022,47,35
USW00094846,"CHICAGO OHARE INTERNATIONAL AIRPORT, IL US",41.96017,-87.93164,204.8,26/03/2022,35,26
USW00094846,"CHICAGO OHARE INTERNATIONAL AIRPORT, IL US",41.96017,-87.93164,204.8,27/03/2022,36,22
USW00094846,"CHICAGO OHARE INTERNATIONAL AIRPORT, IL US",41.96017,-87.93164,204.8,28/03/2022,35,22
USW00094846,"CHICAGO OHARE INTERNATIONAL AIRPORT, IL US",41.96017,-87.93164,204.8,29/03/2022,44,29
USW00094846,"CHICAGO OHARE INTERNATIONAL AIRPORT, IL US",41.96017,-87.93164,204.8,30/03/2022,60,44
USW00094846,"CHICAGO OHARE INTERNATIONAL AIRPORT, IL US",41.96017,-87.93164,204.8,31/03/2022,48,33
USW00094846,"CHICAGO OHARE INTERNATIONAL AIRPORT, IL US",41.96017,-87.93164,204.8,01/04/2022,46,31
USW00094846,"CHICAGO OHARE INTERNATIONAL AIRPORT, IL US",41.96017,-87.93164,204.8,02/04/2022,42,33
USW00094846,"CHICAGO OHARE INTERNATIONAL AIRPORT, IL US",41.96017,-87.93164,204.8,03/04/2022,50,33
USW00094846,"CHICAGO OHARE INTERNATIONAL AIRPORT, IL US",41.96017,-87.93164,204.8,04/04/2022,52,40
USW00094846,"CHICAGO OHARE INTERNATIONAL AIRPORT, IL US",41.96017,-87.93164,204.8,05/04/2022,53,38
USW00094846,"CHICAGO OHARE INTERNATIONAL AIRPORT, IL US",41.96017,-87.93164,204.8,06/04/2022,56,43
USW00094846,"CHICAGO OHARE INTERNATIONAL AIRPORT, IL US",41.96017,-87.93164,204.8,07/04/2022,44,38
USW00094846,"CHICAGO OHARE INTERNATIONAL AIRPORT, IL US",41.96017,-87.93164,204.8,08/04/2022,41,33
USW00094846,"CHICAGO OHARE INTERNATIONAL AIRPORT, IL US",41.96017,-87.93164,204.8,09/04/2022,54,32
USW00094846,"CHICAGO OHARE INTERNATIONAL AIRPORT, IL US",41.96017,-87.93164,204.8,10/04/2022,64,32
USW00094846,"CHICAGO OHARE INTERNATIONAL AIRPORT, IL US",41.96017,-87.93164,204.8,11/04/2022,62,45
USW00094846,"CHICAGO OHARE INTERNATIONAL AIRPORT, IL US",41.96017,-87.93164,204.8,12/04/2022,69,40
USW00094846,"CHICAGO OHARE INTERNATIONAL AIRPORT, IL US",41.96017,-87.93164,204.8,13/04/2022,72,39
USW00094846,"CHICAGO OHARE INTERNATIONAL AIRPORT, IL US",41.96017,-87.93164,204.8,14/04/2022,51,35
USW00094846,"CHICAGO OHARE INTERNATIONAL AIRPORT, IL US",41.96017,-87.93164,204.8,15/04/2022,53,40
USW00094846,"CHICAGO OHARE INTERNATIONAL AIRPORT, IL US",41.96017,-87.93164,204.8,16/04/2022,49,32
USW00094846,"CHICAGO OHARE INTERNATIONAL AIRPORT, IL US",41.96017,-87.93164,204.8,17/04/2022,43,29
USW00094846,"CHICAGO OHARE INTERNATIONAL AIRPORT, IL US",41.96017,-87.93164,204.8,18/04/2022,41,33
USW00094846,"CHICAGO OHARE INTERNATIONAL AIRPORT, IL US",41.96017,-87.93164,204.8,19/04/2022,51,36
USW00094846,"CHICAGO OHARE INTERNATIONAL AIRPORT, IL US",41.96017,-87.93164,204.8,20/04/2022,52,41
USW00094846,"CHICAGO OHARE INTERNATIONAL AIRPORT, IL US",41.96017,-87.93164,204.8,21/04/2022,68,50
USW00094846,"CHICAGO OHARE INTERNATIONAL AIRPORT, IL US",41.96017,-87.93164,204.8,22/04/2022,53,46
USW00094846,"CHICAGO OHARE INTERNATIONAL AIRPORT, IL US",41.96017,-87.93164,204.8,23/04/2022,84,51
USW00094846,"CHICAGO OHARE INTERNATIONAL AIRPORT, IL US",41.96017,-87.93164,204.8,24/04/2022,73,54
USW00094846,"CHICAGO OHARE INTERNATIONAL AIRPORT, IL US",41.96017,-87.93164,204.8,25/04/2022,54,41
USW00094846,"CHICAGO OHARE INTERNATIONAL AIRPORT, IL US",41.96017,-87.93164,204.8,26/04/2022,51,34
USW00094846,"CHICAGO OHARE INTERNATIONAL AIRPORT, IL US",41.96017,-87.93164,204.8,27/04/2022,41,33
USW00094846,"CHICAGO OHARE INTERNATIONAL AIRPORT, IL US",41.96017,-87.93164,204.8,28/04/2022,50,38
USW00094846,"CHICAGO OHARE INTERNATIONAL AIRPORT, IL US",41.96017,-87.93164,204.8,29/04/2022,66,47
USW00094846,"CHICAGO OHARE INTERNATIONAL AIRPORT, IL US",41.96017,-87.93164,204.8,30/04/2022,69,51
USW00094846,"CHICAGO OHARE INTERNATIONAL AIRPORT, IL US",41.96017,-87.93164,204.8,01/05/2022,56,49
USW00094846,"CHICAGO OHARE INTERNATIONAL AIRPORT, IL US",41.96017,-87.93164,204.8,02/05/2022,54,48
USW00094846,"CHICAGO OHARE INTERNATIONAL AIRPORT, IL US",41.96017,-87.93164,204.8,03/05/2022,50,44
USW00094846,"CHICAGO OHARE INTERNATIONAL AIRPORT, IL US",41.96017,-87.93164,204.8,04/05/2022,56,39
USW00094846,"CHICAGO OHARE INTERNATIONAL AIRPORT, IL US",41.96017,-87.93164,204.8,05/05/2022,53,42
USW00094846,"CHICAGO OHARE INTERNATIONAL AIRPORT, IL US",41.96017,-87.93164,204.8,06/05/2022,53,47
USW00094846,"CHICAGO OHARE INTERNATIONAL AIRPORT, IL US",41.96017,-87.93164,204.8,07/05/2022,64,43
USW00094846,"CHICAGO OHARE INTERNATIONAL AIRPORT, IL US",41.96017,-87.93164,204.8,08/05/2022,65,43
USW00094846,"CHICAGO OHARE INTERNATIONAL AIRPORT, IL US",41.96017,-87.93164,204.8,09/05/2022,83,56
USW00094846,"CHICAGO OHARE INTERNATIONAL AIRPORT, IL US",41.96017,-87.93164,204.8,10/05/2022,89,69
USW00094846,"CHICAGO OHARE INTERNATIONAL AIRPORT, IL US",41.96017,-87.93164,204.8,11/05/2022,90,74
USW00094846,"CHICAGO OHARE INTERNATIONAL AIRPORT, IL US",41.96017,-87.93164,204.8,12/05/2022,91,74
USW00094846,"CHICAGO OHARE INTERNATIONAL AIRPORT, IL US",41.96017,-87.93164,204.8,13/05/2022,89,68
USW00094846,"CHICAGO OHARE INTERNATIONAL AIRPORT, IL US",41.96017,-87.93164,204.8,14/05/2022,86,67
USW00094846,"CHICAGO OHARE INTERNATIONAL AIRPORT, IL US",41.96017,-87.93164,204.8,15/05/2022,76,58
USW00094846,"CHICAGO OHARE INTERNATIONAL AIRPORT, IL US",41.96017,-87.93164,204.8,16/05/2022,78,54
USW00094846,"CHICAGO OHARE INTERNATIONAL AIRPORT, IL US",41.96017,-87.93164,204.8,17/05/2022,68,51
USW00094846,"CHICAGO OHARE INTERNATIONAL AIRPORT, IL US",41.96017,-87.93164,204.8,18/05/2022,60,52
USW00094846,"CHICAGO OHARE INTERNATIONAL AIRPORT, IL US",41.96017,-87.93164,204.8,19/05/2022,86,53
USW00094846,"CHICAGO OHARE INTERNATIONAL AIRPORT, IL US",41.96017,-87.93164,204.8,20/05/2022,86,58
USW00094846,"CHICAGO OHARE INTERNATIONAL AIRPORT, IL US",41.96017,-87.93164,204.8,21/05/2022,62,54
USW00094846,"CHICAGO OHARE INTERNATIONAL AIRPORT, IL US",41.96017,-87.93164,204.8,22/05/2022,63,50
USW00094846,"CHICAGO OHARE INTERNATIONAL AIRPORT, IL US",41.96017,-87.93164,204.8,23/05/2022,61,45
USW00094846,"CHICAGO OHARE INTERNATIONAL AIRPORT, IL US",41.96017,-87.93164,204.8,24/05/2022,66,49
USW00094846,"CHICAGO OHARE INTERNATIONAL AIRPORT, IL US",41.96017,-87.93164,204.8,25/05/2022,79,54
USW00094846,"CHICAGO OHARE INTERNATIONAL AIRPORT, IL US",41.96017,-87.93164,204.8,26/05/2022,77,64
USW00094846,"CHICAGO OHARE INTERNATIONAL AIRPORT, IL US",41.96017,-87.93164,204.8,27/05/2022,64,51
USW00094846,"CHICAGO OHARE INTERNATIONAL AIRPORT, IL US",41.96017,-87.93164,204.8,28/05/2022,74,49
USW00094846,"CHICAGO OHARE INTERNATIONAL AIRPORT, IL US",41.96017,-87.93164,204.8,29/05/2022,85,63
USW00094846,"CHICAGO OHARE INTERNATIONAL AIRPORT, IL US",41.96017,-87.93164,204.8,30/05/2022,89,70
USW00094846,"CHICAGO OHARE INTERNATIONAL AIRPORT, IL US",41.96017,-87.93164,204.8,31/05/2022,86,74
USW00094846,"CHICAGO OHARE INTERNATIONAL AIRPORT, IL US",41.96017,-87.93164,204.8,01/06/2022,74,59
USW00094846,"CHICAGO OHARE INTERNATIONAL AIRPORT, IL US",41.96017,-87.93164,204.8,02/06/2022,77,58
USW00094846,"CHICAGO OHARE INTERNATIONAL AIRPORT, IL US",41.96017,-87.93164,204.8,03/06/2022,81,58
USW00094846,"CHICAGO OHARE INTERNATIONAL AIRPORT, IL US",41.96017,-87.93164,204.8,04/06/2022,71,54
USW00094846,"CHICAGO OHARE INTERNATIONAL AIRPORT, IL US",41.96017,-87.93164,204.8,05/06/2022,77,58
USW00094846,"CHICAGO OHARE INTERNATIONAL AIRPORT, IL US",41.96017,-87.93164,204.8,06/06/2022,76,57
USW00094846,"CHICAGO OHARE INTERNATIONAL AIRPORT, IL US",41.96017,-87.93164,204.8,07/06/2022,72,56
USW00094846,"CHICAGO OHARE INTERNATIONAL AIRPORT, IL US",41.96017,-87.93164,204.8,08/06/2022,69,56
USW00094846,"CHICAGO OHARE INTERNATIONAL AIRPORT, IL US",41.96017,-87.93164,204.8,09/06/2022,78,53
USW00094846,"CHICAGO OHARE INTERNATIONAL AIRPORT, IL US",41.96017,-87.93164,204.8,10/06/2022,78,58
USW00094846,"CHICAGO OHARE INTERNATIONAL AIRPORT, IL US",41.96017,-87.93164,204.8,11/06/2022,73,59
USW00094846,"CHICAGO OHARE INTERNATIONAL AIRPORT, IL US",41.96017,-87.93164,204.8,12/06/2022,70,58
USW00094846,"CHICAGO OHARE INTERNATIONAL AIRPORT, IL US",41.96017,-87.93164,204.8,13/06/2022,89,57
USW00094846,"CHICAGO OHARE INTERNATIONAL AIRPORT, IL US",41.96017,-87.93164,204.8,14/06/2022,98,65
USW00094846,"CHICAGO OHARE INTERNATIONAL AIRPORT, IL US",41.96017,-87.93164,204.8,15/06/2022,96,76
USW00094846,"CHICAGO OHARE INTERNATIONAL AIRPORT, IL US",41.96017,-87.93164,204.8,16/06/2022,94,72
USW00094846,"CHICAGO OHARE INTERNATIONAL AIRPORT, IL US",41.96017,-87.93164,204.8,17/06/2022,84,64
USW00094846,"CHICAGO OHARE INTERNATIONAL AIRPORT, IL US",41.96017,-87.93164,204.8,18/06/2022,72,55
USW00094846,"CHICAGO OHARE INTERNATIONAL AIRPORT, IL US",41.96017,-87.93164,204.8,19/06/2022,85,52
USW00094846,"CHICAGO OHARE INTERNATIONAL AIRPORT, IL US",41.96017,-87.93164,204.8,20/06/2022,95,64
USW00094846,"CHICAGO OHARE INTERNATIONAL AIRPORT, IL US",41.96017,-87.93164,204.8,21/06/2022,99,73
USW00094846,"CHICAGO OHARE INTERNATIONAL AIRPORT, IL US",41.96017,-87.93164,204.8,22/06/2022,89,72
USW00094846,"CHICAGO OHARE INTERNATIONAL AIRPORT, IL US",41.96017,-87.93164,204.8,23/06/2022,85,65
USW00094846,"CHICAGO OHARE INTERNATIONAL AIRPORT, IL US",41.96017,-87.93164,204.8,24/06/2022,92,65
USW00094846,"CHICAGO OHARE INTERNATIONAL AIRPORT, IL US",41.96017,-87.93164,204.8,25/06/2022,77,67
USW00094846,"CHICAGO OHARE INTERNATIONAL AIRPORT, IL US",41.96017,-87.93164,204.8,26/06/2022,80,65
USW00094846,"CHICAGO OHARE INTERNATIONAL AIRPORT, IL US",41.96017,-87.93164,204.8,27/06/2022,80,60
USW00094846,"CHICAGO OHARE INTERNATIONAL AIRPORT, IL US",41.96017,-87.93164,204.8,28/06/2022,86,61
USW00094846,"CHICAGO OHARE INTERNATIONAL AIRPORT, IL US",41.96017,-87.93164,204.8,29/06/2022,88,66
USW00094846,"CHICAGO OHARE INTERNATIONAL AIRPORT, IL US",41.96017,-87.93164,204.8,30/06/2022,92,73
USW00094846,"CHICAGO OHARE INTERNATIONAL AIRPORT, IL US",41.96017,-87.93164,204.8,01/07/2022,82,67
USW00094846,"CHICAGO OHARE INTERNATIONAL AIRPORT, IL US",41.96017,-87.93164,204.8,02/07/2022,87,65
USW00094846,"CHICAGO OHARE INTERNATIONAL AIRPORT, IL US",41.96017,-87.93164,204.8,03/07/2022,88,68
USW00094846,"CHICAGO OHARE INTERNATIONAL AIRPORT, IL US",41.96017,-87.93164,204.8,04/07/2022,87,69
USW00094846,"CHICAGO OHARE INTERNATIONAL AIRPORT, IL US",41.96017,-87.93164,204.8,05/07/2022,94,69
USW00094846,"CHICAGO OHARE INTERNATIONAL AIRPORT, IL US",41.96017,-87.93164,204.8,06/07/2022,80,68
USW00094846,"CHICAGO OHARE INTERNATIONAL AIRPORT, IL US",41.96017,-87.93164,204.8,07/07/2022,86,68
USW00094846,"CHICAGO OHARE INTERNATIONAL AIRPORT, IL US",41.96017,-87.93164,204.8,08/07/2022,77,67
USW00094846,"CHICAGO OHARE INTERNATIONAL AIRPORT, IL US",41.96017,-87.93164,204.8,09/07/2022,76,63
USW00094846,"CHICAGO OHARE INTERNATIONAL AIRPORT, IL US",41.96017,-87.93164,204.8,10/07/2022,86,59
USW00094846,"CHICAGO OHARE INTERNATIONAL AIRPORT, IL US",41.96017,-87.93164,204.8,11/07/2022,85,71
USW00094846,"CHICAGO OHARE INTERNATIONAL AIRPORT, IL US",41.96017,-87.93164,204.8,12/07/2022,86,68
USW00094846,"CHICAGO OHARE INTERNATIONAL AIRPORT, IL US",41.96017,-87.93164,204.8,13/07/2022,80,64
USW00094846,"CHICAGO OHARE INTERNATIONAL AIRPORT, IL US",41.96017,-87.93164,204.8,14/07/2022,80,61
USW00094846,"CHICAGO OHARE INTERNATIONAL AIRPORT, IL US",41.96017,-87.93164,204.8,15/07/2022,72,66
USW00094846,"CHICAGO OHARE INTERNATIONAL AIRPORT, IL US",41.96017,-87.93164,204.8,16/07/2022,75,67
USW00094846,"CHICAGO OHARE INTERNATIONAL AIRPORT, IL US",41.96017,-87.93164,204.8,17/07/2022,77,69
USW00094846,"CHICAGO OHARE INTERNATIONAL AIRPORT, IL US",41.96017,-87.93164,204.8,18/07/2022,89,68
USW00094846,"CHICAGO OHARE INTERNATIONAL AIRPORT, IL US",41.96017,-87.93164,204.8,19/07/2022,90,71
USW00094846,"CHICAGO OHARE INTERNATIONAL AIRPORT, IL US",41.96017,-87.93164,204.8,20/07/2022,87,76
USW00094846,"CHICAGO OHARE INTERNATIONAL AIRPORT, IL US",41.96017,-87.93164,204.8,21/07/2022,92,69
USW00094846,"CHICAGO OHARE INTERNATIONAL AIRPORT, IL US",41.96017,-87.93164,204.8,22/07/2022,91,69
USW00094846,"CHICAGO OHARE INTERNATIONAL AIRPORT, IL US",41.96017,-87.93164,204.8,23/07/2022,86,68
USW00094846,"CHICAGO OHARE INTERNATIONAL AIRPORT, IL US",41.96017,-87.93164,204.8,24/07/2022,86,71
USW00094846,"CHICAGO OHARE INTERNATIONAL AIRPORT, IL US",41.96017,-87.93164,204.8,25/07/2022,76,64
USW00094846,"CHICAGO OHARE INTERNATIONAL AIRPORT, IL US",41.96017,-87.93164,204.8,26/07/2022,82,64
USW00094846,"CHICAGO OHARE INTERNATIONAL AIRPORT, IL US",41.96017,-87.93164,204.8,27/07/2022,83,70
USW00094846,"CHICAGO OHARE INTERNATIONAL AIRPORT, IL US",41.96017,-87.93164,204.8,28/07/2022,80,67
USW00094846,"CHICAGO OHARE INTERNATIONAL AIRPORT, IL US",41.96017,-87.93164,204.8,29/07/2022,81,62
USW00094846,"CHICAGO OHARE INTERNATIONAL AIRPORT, IL US",41.96017,-87.93164,204.8,30/07/2022,83,63
USW00094846,"CHICAGO OHARE INTERNATIONAL AIRPORT, IL US",41.96017,-87.93164,204.8,31/07/2022,85,66
USW00094846,"CHICAGO OHARE INTERNATIONAL AIRPORT, IL US",41.96017,-87.93164,204.8,01/08/2022,85,72
USW00094846,"CHICAGO OHARE INTERNATIONAL AIRPORT, IL US",41.96017,-87.93164,204.8,02/08/2022,90,68
USW00094846,"CHICAGO OHARE INTERNATIONAL AIRPORT, IL US",41.96017,-87.93164,204.8,03/08/2022,91,75
USW00094846,"CHICAGO OHARE INTERNATIONAL AIRPORT, IL US",41.96017,-87.93164,204.8,04/08/2022,83,69
USW00094846,"CHICAGO OHARE INTERNATIONAL AIRPORT, IL US",41.96017,-87.93164,204.8,05/08/2022,88,67
USW00094846,"CHICAGO OHARE INTERNATIONAL AIRPORT, IL US",41.96017,-87.93164,204.8,06/08/2022,95,74
USW00094846,"CHICAGO OHARE INTERNATIONAL AIRPORT, IL US",41.96017,-87.93164,204.8,07/08/2022,83,75
USW00094846,"CHICAGO OHARE INTERNATIONAL AIRPORT, IL US",41.96017,-87.93164,204.8,08/08/2022,81,65
USW00094846,"CHICAGO OHARE INTERNATIONAL AIRPORT, IL US",41.96017,-87.93164,204.8,09/08/2022,77,61
USW00094846,"CHICAGO OHARE INTERNATIONAL AIRPORT, IL US",41.96017,-87.93164,204.8,10/08/2022,85,60
USW00094846,"CHICAGO OHARE INTERNATIONAL AIRPORT, IL US",41.96017,-87.93164,204.8,11/08/2022,79,61
USW00094846,"CHICAGO OHARE INTERNATIONAL AIRPORT, IL US",41.96017,-87.93164,204.8,12/08/2022,77,58
USW00094846,"CHICAGO OHARE INTERNATIONAL AIRPORT, IL US",41.96017,-87.93164,204.8,13/08/2022,79,67
USW00094846,"CHICAGO OHARE INTERNATIONAL AIRPORT, IL US",41.96017,-87.93164,204.8,14/08/2022,77,66
USW00094846,"CHICAGO OHARE INTERNATIONAL AIRPORT, IL US",41.96017,-87.93164,204.8,15/08/2022,79,66
USW00094846,"CHICAGO OHARE INTERNATIONAL AIRPORT, IL US",41.96017,-87.93164,204.8,16/08/2022,81,62
USW00094846,"CHICAGO OHARE INTERNATIONAL AIRPORT, IL US",41.96017,-87.93164,204.8,17/08/2022,82,62
USW00094846,"CHICAGO OHARE INTERNATIONAL AIRPORT, IL US",41.96017,-87.93164,204.8,18/08/2022,84,61
USW00094846,"CHICAGO OHARE INTERNATIONAL AIRPORT, IL US",41.96017,-87.93164,204.8,19/08/2022,86,68
USW00094846,"CHICAGO OHARE INTERNATIONAL AIRPORT, IL US",41.96017,-87.93164,204.8,20/08/2022,77,65
USW00094846,"CHICAGO OHARE INTERNATIONAL AIRPORT, IL US",41.96017,-87.93164,204.8,21/08/2022,79,66
